% Oxygen,Phosphorescence Quenching
0,1
5,1.201366
10,1.374915
15,1.644309
20,1.805804
25,1.981872
30,2.151596
